,Unnamed: 0.1,Unnamed: 0,CustomerID,Recency,Frequency,MonetaryValue,Recency_Log,Frequency_Log,MonetaryValue_Log,Recency_Log_Scaled,Frequency_Log_Scaled,MonetaryValue_Log_Scaled,Cluster_HC
0,0,0,CUST1000,9,41,6855.79,2.302585093,3.737669618,8.832994681,-1.31160095,0.980667382,0.458701348,4
1,1,1,CUST1001,49,10,2856.43,3.912023005,2.397895273,7.957677898,0.107585358,-2.729291796,-0.562685717,1
2,2,2,CUST1002,7,25,2175.73,2.079441542,3.258096538,7.68557903,-1.508366709,-0.347314869,-0.880191642,3
3,3,3,CUST1003,22,33,1085.57,3.135494216,3.526360525,6.990781225,-0.577149988,0.395532943,-1.690935255,3
4,4,4,CUST1004,134,27,6887.81,4.905274778,3.33220451,8.837653635,0.98342487,-0.142103034,0.464137775,2
5,5,5,CUST1005,20,36,1112.01,3.044522438,3.610917913,7.014823336,-0.657367995,0.629680178,-1.662881067,3
6,6,6,CUST1006,13,38,14374.53,2.63905733,3.663561646,9.573282735,-1.014903086,0.775455547,1.322526489,4
7,7,7,CUST1007,167,38,3812.45,5.123963979,3.663561646,8.24628957,1.176262828,0.775455547,-0.225911381,2
8,8,8,CUST1008,18,25,3374.25,2.944438979,3.258096538,8.124224675,-0.745620592,-0.347314869,-0.368346106,3
9,9,9,CUST1009,31,35,5916.71,3.465735903,3.583518938,8.685704829,-0.28594616,0.55380988,0.2868322,2
10,10,10,CUST1010,101,16,4386.95,4.624972813,2.833213344,8.386617427,0.736257391,-1.523855762,-0.062166025,1
11,11,11,CUST1011,36,55,5633.44,3.610917913,4.025351691,8.636653043,-0.157926111,1.777285671,0.229594797,2
12,12,12,CUST1012,5,25,4856.71,1.791759469,3.258096538,8.488322412,-1.762041893,-0.347314869,0.056511188,4
13,13,13,CUST1013,78,57,5286.57,4.369447852,4.060443011,8.573114062,0.510938028,1.874456785,0.155452618,2
14,14,14,CUST1014,9,22,5732.92,2.302585093,3.135494216,8.654154694,-1.31160095,-0.686812047,0.250017072,4
15,15,15,CUST1015,45,36,10321.95,3.828641396,3.610917913,9.242124851,0.034060286,0.629680178,0.936105954,2
16,16,16,CUST1016,81,21,1014.44,4.406719247,3.091042453,6.923077295,0.543803573,-0.809903093,-1.769937417,1
17,17,17,CUST1017,84,38,14237.48,4.442651256,3.663561646,9.563703438,0.57548806,0.775455547,1.311348627,2
18,18,18,CUST1018,116,30,5234.12,4.762173935,3.433987204,8.563145046,0.857239973,0.139742667,0.143820002,2
19,19,19,CUST1019,101,48,15985.4,4.624972813,3.891820298,9.67949364,0.736257391,1.407524884,1.446461556,2
20,20,20,CUST1020,43,39,2719.96,3.784189634,3.688879454,7.908740038,-0.005136835,0.845562901,-0.619790183,2
21,21,21,CUST1021,51,30,1188.2,3.951243719,3.433987204,7.081036091,0.142169792,0.139742667,-1.585618923,2
22,22,22,CUST1022,17,34,4212.27,2.890371758,3.555348061,8.345994347,-0.793296528,0.475802114,-0.109568165,2
23,23,23,CUST1023,4,33,5365.33,1.609437912,3.526360525,8.587899527,-1.922811225,0.395532943,0.172705438,4
24,24,24,CUST1024,43,48,12443.89,3.784189634,3.891820298,9.429065376,-0.005136835,1.407524884,1.154242562,2
25,25,25,CUST1025,24,11,4857.33,3.218875825,2.48490665,8.488450036,-0.503624916,-2.488349239,0.056660109,1
26,26,26,CUST1026,58,25,9579.67,4.077537444,3.258096538,9.167502806,0.25353434,-0.347314869,0.849031202,2
27,27,27,CUST1027,26,42,12233.18,3.295836866,3.761200116,9.411988953,-0.435761438,1.045825509,1.134316476,4
28,28,28,CUST1028,35,37,2033.32,3.583518938,3.63758616,7.61791689,-0.182086254,0.703527022,-0.95914504,2
29,29,29,CUST1029,49,44,1708.35,3.912023005,3.80666249,7.44386846,0.107585358,1.171715031,-1.162238158,2
30,30,30,CUST1030,26,44,7576.98,3.295836866,3.80666249,8.933001952,-0.435761438,1.171715031,0.575397537,2
31,31,31,CUST1031,3,33,11924.53,1.386294361,3.526360525,9.386436759,-2.119576984,0.395532943,1.104500207,4
32,32,32,CUST1032,31,27,3408.02,3.465735903,3.33220451,8.134180139,-0.28594616,-0.142103034,-0.356729303,2
33,33,33,CUST1033,52,49,3814.73,3.970291914,3.912023005,8.246887275,0.158966301,1.463468049,-0.225213933,2
34,34,34,CUST1034,20,36,1908.68,3.044522438,3.610917913,7.554690968,-0.657367995,0.629680178,-1.032921917,2
35,35,35,CUST1035,1,26,9365.56,0.693147181,3.295836866,9.144901179,-2.730787258,-0.242808407,0.822657882,4
36,36,36,CUST1036,71,24,561.66,4.276666119,3.218875825,6.332675538,0.429124021,-0.455920653,-2.458863677,1
37,37,37,CUST1037,219,21,5287.8,5.393627546,3.091042453,8.573346656,1.414049473,-0.809903093,0.155724027,1
38,38,38,CUST1038,1,27,9223.53,0.693147181,3.33220451,9.129621519,-2.730787258,-0.142103034,0.804828398,4
39,39,39,CUST1039,51,32,4952.01,3.951243719,3.496507561,8.507750752,0.142169792,0.312867323,0.079181672,2
40,40,40,CUST1040,120,16,5614.22,4.795790546,2.833213344,8.633236047,0.886882766,-1.523855762,0.225607583,1
41,41,41,CUST1041,234,33,5227.28,5.459585514,3.526360525,8.561837631,1.472210552,0.395532943,0.14229441,2
42,42,42,CUST1042,72,42,4312.49,4.290459441,3.761200116,8.3695026,0.441286835,1.045825509,-0.082136924,2
43,43,43,CUST1043,30,39,12894.42,3.433987204,3.688879454,9.464627489,-0.313941847,0.845562901,1.195739176,4
44,44,44,CUST1044,74,25,9811.82,4.317488114,3.258096538,9.191444973,0.465120449,-0.347314869,0.876968767,2
45,45,45,CUST1045,80,32,1917.4,4.394449155,3.496507561,7.559246784,0.532983928,0.312867323,-1.02760584,2
46,46,46,CUST1046,122,42,13581.81,4.812184355,3.761200116,9.516560302,0.901338663,1.045825509,1.256338383,2
47,47,47,CUST1047,79,46,12803.44,4.382026635,3.850147602,9.457547265,0.522029873,1.292129331,1.187477425,2
48,48,48,CUST1048,2,41,9663.78,1.098612289,3.737669618,9.176243629,-2.373252167,0.980667382,0.859230668,4
49,49,49,CUST1049,49,30,559.82,3.912023005,3.433987204,6.329399998,0.107585358,0.139742667,-2.46268583,1
50,50,50,CUST1050,1,25,1017.42,0.693147181,3.258096538,6.926007686,-2.730787258,-0.347314869,-1.766518011,3
51,51,51,CUST1051,80,19,2581.54,4.394449155,2.995732274,7.85652869,0.532983928,-1.073825801,-0.680714407,1
52,52,52,CUST1052,12,35,12269.06,2.564949357,3.583518938,9.414917428,-1.080250757,0.55380988,1.137733646,4
53,53,53,CUST1053,43,46,8424.28,3.784189634,3.850147602,9.038991989,-0.005136835,1.292129331,0.699074879,2
54,54,54,CUST1054,26,29,3462.93,3.295836866,3.401197382,8.150159062,-0.435761438,0.048944615,-0.338083865,2
55,55,55,CUST1055,110,29,3247.7,4.709530201,3.401197382,8.086010195,0.810819253,0.048944615,-0.412937705,2
56,56,56,CUST1056,140,16,5298.15,4.94875989,2.833213344,8.575301709,1.021769608,-1.523855762,0.158005333,1
57,57,57,CUST1057,33,47,13887.04,3.526360525,3.871201011,9.538783317,-0.232487973,1.350428169,1.282269909,2
58,58,58,CUST1058,157,15,5343.47,5.062595033,2.772588722,8.58381766,1.122148303,-1.691730952,0.167942401,1
59,59,59,CUST1059,96,23,8635,4.574710979,3.17805383,9.063694792,0.691937007,-0.568960536,0.727900013,2
60,60,60,CUST1060,65,37,14780.74,4.189654742,3.63758616,9.601147914,0.352398256,0.703527022,1.355041726,2
61,61,61,CUST1061,132,17,3174.87,4.890349128,2.890371758,8.06333689,0.970263581,-1.365578823,-0.439394664,1
62,62,62,CUST1062,43,28,3839.48,3.784189634,3.36729583,8.253352638,-0.005136835,-0.044931921,-0.217669649,2
63,63,63,CUST1063,40,31,9746.61,3.713572067,3.465735903,9.184777406,-0.067406701,0.227657753,0.869188536,2
64,64,64,CUST1064,68,35,718.43,4.234106505,3.583518938,6.578459232,0.391595377,0.55380988,-2.172064325,1
65,65,65,CUST1065,81,46,9310.56,4.406719247,3.850147602,9.139011918,0.543803573,1.292129331,0.815785839,2
66,66,66,CUST1066,125,26,1447.25,4.836281907,3.295836866,7.27811121,0.922587644,-0.242808407,-1.355656489,2
67,67,67,CUST1067,31,33,13500.04,3.465735903,3.526360525,9.510521998,-0.28594616,0.395532943,1.249292425,2
68,68,68,CUST1068,123,47,11116.1,4.820281566,3.871201011,9.316239742,0.908478703,1.350428169,1.022588919,2
69,69,69,CUST1069,58,8,1080.22,4.077537444,2.197224577,6.985845312,0.25353434,-3.284967529,-1.696694858,1
70,70,70,CUST1070,11,30,11273.16,2.48490665,3.433987204,9.33026866,-1.150831619,0.139742667,1.038958942,4
71,71,71,CUST1071,9,17,4266.66,2.302585093,2.890371758,8.358820947,-1.31160095,-1.365578823,-0.0946011,1
72,72,72,CUST1072,82,34,4917.8,4.418840608,3.555348061,8.500819877,0.554492068,0.475802114,0.071094193,2
73,73,73,CUST1073,47,20,5476.62,3.871201011,3.044522438,8.608425979,0.07158893,-0.938721321,0.196657284,1
74,74,74,CUST1074,19,30,1325.23,2.995732274,3.433987204,7.19009561,-0.700390675,0.139742667,-1.458359873,3
75,75,75,CUST1075,75,32,8940.8,4.33073334,3.496507561,9.09849219,0.476799957,0.312867323,0.768504298,2
76,76,76,CUST1076,7,34,2898.36,2.079441542,3.555348061,7.972245302,-1.508366709,0.475802114,-0.545687348,3
77,77,77,CUST1077,40,26,8248.59,3.713572067,3.295836866,9.017918781,-0.067406701,-0.242808407,0.674485036,2
78,78,78,CUST1078,71,15,4300.57,4.276666119,2.772588722,8.366735351,0.429124021,-1.691730952,-0.085365963,1
79,79,79,CUST1079,37,21,2503.41,3.63758616,3.091042453,7.825808457,-0.134410317,-0.809903093,-0.716561142,1
80,80,80,CUST1080,152,27,4905.9,5.030437921,3.33220451,8.498397657,1.093792482,-0.142103034,0.06826776,2
81,81,81,CUST1081,61,22,5350.81,4.127134385,3.135494216,8.5851901,0.297268428,-0.686812047,0.16954387,1
82,82,82,CUST1082,37,39,1928.2,3.63758616,3.688879454,7.564860688,-0.134410317,0.845562901,-1.021055104,2
83,83,83,CUST1083,15,25,3378.17,2.772588722,3.258096538,8.125385396,-0.897156435,-0.347314869,-0.366991687,3
84,84,84,CUST1084,153,23,759.18,5.036952602,3.17805383,6.633555247,1.099537063,-0.568960536,-2.10777405,1
85,85,85,CUST1085,19,37,10733.01,2.995732274,3.63758616,9.281172484,-0.700390675,0.703527022,0.981669741,4
86,86,86,CUST1086,119,39,7678.97,4.787491743,3.688879454,8.94637092,0.879564964,0.845562901,0.590997479,2
87,87,87,CUST1087,29,34,9608.95,3.401197382,3.555348061,9.170554299,-0.342855585,0.475802114,0.852591919,2
88,88,88,CUST1088,64,43,13772.49,4.17438727,3.784189634,9.530501009,0.338935551,1.109485612,1.272605474,2
89,89,89,CUST1089,19,42,15690.84,2.995732274,3.761200116,9.660896111,-0.700390675,1.045825509,1.424760526,4
90,90,90,CUST1090,7,16,2175.09,2.079441542,2.833213344,7.685284967,-1.508366709,-1.523855762,-0.880534777,1
91,91,91,CUST1091,93,41,16331.19,4.543294782,3.737669618,9.700893286,0.664234518,0.980667382,1.471432312,2
92,92,92,CUST1092,89,22,2937.54,4.49980967,3.135494216,7.985668138,0.62588978,-0.686812047,-0.530024549,1
93,93,93,CUST1093,27,22,8979.42,3.33220451,3.135494216,9.102801931,-0.403692812,-0.686812047,0.773533236,2
94,94,94,CUST1094,54,23,5138.9,4.007333185,3.17805383,8.544788903,0.191628924,-0.568960536,0.12240064,1
95,95,95,CUST1095,125,33,1979.38,4.836281907,3.526360525,7.591044024,0.922587644,0.395532943,-0.990502371,2
96,96,96,CUST1096,500,8,2981.14,6.216606101,2.197224577,8.000396443,2.139743759,-3.284967529,-0.512838428,1
97,97,97,CUST1097,7,22,3653.54,2.079441542,3.135494216,8.203725509,-1.508366709,-0.686812047,-0.275578407,4
98,98,98,CUST1098,39,31,8143.23,3.688879454,3.465735903,9.00506498,-0.089180401,0.227657753,0.659486231,2
99,99,99,CUST1099,44,47,16221.77,3.80666249,3.871201011,9.69417109,0.014679506,1.350428169,1.463588336,2
100,100,100,CUST1100,56,20,4679.63,4.043051268,3.044522438,8.451187995,0.223124774,-0.938721321,0.013179889,1
101,101,101,CUST1101,218,20,1719.46,5.38907173,3.044522438,7.450346976,1.4100322,-0.938721321,-1.154678527,1
102,102,102,CUST1102,7,30,6460.07,2.079441542,3.433987204,8.773550218,-1.508366709,0.139742667,0.389336968,4
103,103,103,CUST1103,77,34,2065.61,4.356708827,3.555348061,7.633664863,0.499704883,0.475802114,-0.940769092,2
104,104,104,CUST1104,11,27,619.82,2.48490665,3.33220451,6.431041185,-1.150831619,-0.142103034,-2.344083061,3
105,105,105,CUST1105,6,32,7025.02,1.945910149,3.496507561,8.857375679,-1.62611336,0.312867323,0.487150975,4
106,106,106,CUST1106,24,30,8377.3,3.218875825,3.433987204,9.033400309,-0.503624916,0.139742667,0.692550076,2
107,107,107,CUST1107,9,47,14476.82,2.302585093,3.871201011,9.580373102,-1.31160095,1.350428169,1.330800075,4
108,108,108,CUST1108,27,43,6555.35,3.33220451,3.784189634,8.788189325,-0.403692812,1.109485612,0.406419006,2
109,109,109,CUST1109,51,26,9063.89,3.951243719,3.295836866,9.112163989,0.142169792,-0.242808407,0.784457607,2
110,110,110,CUST1110,17,39,13475.64,2.890371758,3.688879454,9.508713095,-0.793296528,0.845562901,1.247181658,4
111,111,111,CUST1111,13,35,1997.54,2.63905733,3.583518938,7.600172193,-1.014903086,0.55380988,-0.97985092,3
112,112,112,CUST1112,30,21,2873.94,3.433987204,3.091042453,7.963787083,-0.313941847,-0.809903093,-0.55555705,1
113,113,113,CUST1113,24,46,18898.14,3.218875825,3.850147602,9.846871697,-0.503624916,1.292129331,1.641771169,2
114,114,114,CUST1114,51,41,17361.07,3.951243719,3.737669618,9.762043221,0.142169792,0.980667382,1.542786768,2
115,115,115,CUST1115,30,29,10651.62,3.433987204,3.401197382,9.27356115,-0.313941847,0.048944615,0.97278825,2
116,116,116,CUST1116,8,24,7310.23,2.197224577,3.218875825,8.897166801,-1.404506803,-0.455920653,0.533582322,4
117,117,117,CUST1117,1,35,3722.32,0.693147181,3.583518938,8.222371022,-2.730787258,0.55380988,-0.253821386,3
118,118,118,CUST1118,56,46,6133.26,4.043051268,3.850147602,8.72164473,0.223124774,1.292129331,0.328769646,2
119,119,119,CUST1119,138,12,4854.99,4.934473933,2.564949357,8.487968273,1.009172394,-2.266703574,0.056097951,1
120,120,120,CUST1120,3,34,10276.72,1.386294361,3.555348061,9.237733725,-2.119576984,0.475802114,0.93098205,4
121,121,121,CUST1121,14,31,10945.97,2.708050201,3.465735903,9.300817985,-0.95406586,0.227657753,1.004593625,4
122,122,122,CUST1122,23,24,680.89,3.17805383,3.218875825,6.524868355,-0.539621345,-0.455920653,-2.23459829,1
123,123,123,CUST1123,132,19,4056.53,4.890349128,2.995732274,8.308329693,0.970263581,-1.073825801,-0.153518185,1
124,124,124,CUST1124,3,43,16544.33,1.386294361,3.784189634,9.713859166,-2.119576984,1.109485612,1.4865619,4
125,125,125,CUST1125,23,37,4961.83,3.17805383,3.63758616,8.509731422,-0.539621345,0.703527022,0.08149287,2
126,126,126,CUST1126,123,34,13105.62,4.820281566,3.555348061,9.480872725,0.908478703,0.475802114,1.214695369,2
127,127,127,CUST1127,35,35,4097.39,3.583518938,3.583518938,8.318349493,-0.182086254,0.55380988,-0.141826311,2
128,128,128,CUST1128,45,43,16397.61,3.828641396,3.784189634,9.704951854,0.034060286,1.109485612,1.476168162,2
129,129,129,CUST1129,76,31,7813.05,4.343805422,3.465735903,8.963678674,0.488326789,0.227657753,0.6111935,2
130,130,130,CUST1130,23,38,11084.74,3.17805383,3.663561646,9.313414877,-0.539621345,0.775455547,1.019292649,4
131,131,131,CUST1131,107,46,3873.5,4.682131227,3.850147602,8.262171901,0.786659111,1.292129331,-0.207378653,2
132,132,132,CUST1132,48,46,15454.37,3.891820298,3.850147602,9.645711795,0.089770812,1.292129331,1.407042296,2
133,133,133,CUST1133,91,19,5998.44,4.521788577,2.995732274,8.699421411,0.645270561,-1.073825801,0.302837765,1
134,134,134,CUST1134,78,24,3903.05,4.369447852,3.218875825,8.269769755,0.510938028,-0.455920653,-0.198512892,2
135,135,135,CUST1135,342,10,2705.45,5.837730447,2.397895273,7.903393092,1.805654984,-2.729291796,-0.626029412,1
136,136,136,CUST1136,23,48,17754.94,3.17805383,3.891820298,9.784475387,-0.539621345,1.407524884,1.568962347,2
137,137,137,CUST1137,32,33,8266.7,3.496507561,3.526360525,9.020111636,-0.258812019,0.395532943,0.677043829,2
138,138,138,CUST1138,2,25,7113.12,1.098612289,3.258096538,8.869836821,-2.373252167,-0.347314869,0.501691596,4
139,139,139,CUST1139,72,45,12284.42,4.290459441,3.828641396,9.416168472,0.441286835,1.232576656,1.139193461,2
140,140,140,CUST1140,82,25,10732.78,4.418840608,3.258096538,9.281151057,0.554492068,-0.347314869,0.981644738,2
141,141,141,CUST1141,54,34,6873.5,4.007333185,3.555348061,8.835574193,0.191628924,0.475802114,0.461711321,2
142,142,142,CUST1142,11,44,10809.32,2.48490665,3.80666249,9.288256512,-1.150831619,1.171715031,0.98993593,4
143,143,143,CUST1143,19,30,5188.17,2.995732274,3.433987204,8.55432904,-0.700390675,0.139742667,0.133532807,2
144,144,144,CUST1144,59,26,3679.86,4.094344562,3.295836866,8.2109017,0.268354689,-0.242808407,-0.267204674,2
145,145,145,CUST1145,3,41,1518.62,1.386294361,3.737669618,7.326215583,-2.119576984,0.980667382,-1.299524601,3
146,146,146,CUST1146,144,29,11444.06,4.976733742,3.401197382,9.345313475,1.046436672,0.048944615,1.056514391,2
147,147,147,CUST1147,25,20,1486.49,3.258096538,3.044522438,7.304845415,-0.469040483,-0.938721321,-1.324460959,1
148,148,148,CUST1148,77,42,13718.95,4.356708827,3.761200116,9.526606257,0.499704883,1.045825509,1.268060778,2
149,149,149,CUST1149,106,13,3785.5,4.672828834,2.63905733,8.239197389,0.778456354,-2.061491737,-0.234187084,1
150,150,150,CUST1150,70,32,1708.73,4.262679877,3.496507561,7.444090742,0.416791092,0.312867323,-1.161978783,2
151,151,151,CUST1151,192,54,10507.59,5.262690189,4.007333185,9.259948297,1.298590217,1.72739076,0.956903724,2
152,152,152,CUST1152,19,43,12670.17,2.995732274,3.784189634,9.447084613,-0.700390675,1.109485612,1.175268796,4
153,153,153,CUST1153,122,25,6737.01,4.812184355,3.258096538,8.815519908,0.901338663,-0.347314869,0.438310437,2
154,154,154,CUST1154,8,43,15080.09,2.197224577,3.784189634,9.62119692,-1.404506803,1.109485612,1.378436451,4
155,155,155,CUST1155,16,30,5220.72,2.833213344,3.433987204,8.560582129,-0.843698248,0.139742667,0.140829393,2
156,156,156,CUST1156,219,28,918.91,5.393627546,3.36729583,6.824275839,1.414049473,-0.044931921,-1.885226568,1
157,157,157,CUST1157,120,31,11077.12,4.795790546,3.465735903,9.312727271,0.886882766,0.227657753,1.018490297,2
158,158,158,CUST1158,4,11,1839.76,1.609437912,2.48490665,7.517933809,-1.922811225,-2.488349239,-1.075813003,1
159,159,159,CUST1159,172,30,2215.06,5.153291594,3.433987204,7.703486123,1.202123626,0.139742667,-0.859296266,2
160,160,160,CUST1160,129,32,9377.05,4.86753445,3.496507561,9.146127131,0.950145825,0.312867323,0.824088418,2
161,161,161,CUST1161,31,45,12823.41,3.465735903,3.828641396,9.459105665,-0.28594616,1.232576656,1.189295886,2
162,162,162,CUST1162,173,31,12727.23,5.159055299,3.465735903,9.45157764,1.207206004,0.227657753,1.180511606,2
163,163,163,CUST1163,49,28,5795.43,3.912023005,3.36729583,8.66499749,0.107585358,-0.044931921,0.262669281,2
164,164,164,CUST1164,3,17,2090.5,1.386294361,2.890371758,7.645636791,-2.119576984,-1.365578823,-0.926799324,1
165,165,165,CUST1165,27,18,3289.5,3.33220451,2.944438979,8.098794808,-0.403692812,-1.215861683,-0.398019634,1
166,166,166,CUST1166,75,24,726.32,4.33073334,3.218875825,6.589366546,0.476799957,-0.455920653,-2.159336831,1
167,167,167,CUST1167,2,29,1221.04,1.098612289,3.401197382,7.108276872,-2.373252167,0.048944615,-1.553832281,3
168,168,168,CUST1168,88,31,10437.17,4.48863637,3.465735903,9.253224559,0.616037275,0.227657753,0.949057948,2
169,169,169,CUST1169,172,20,3914.59,5.153291594,3.044522438,8.272721299,1.202123626,-0.938721321,-0.195068803,1
170,170,170,CUST1170,35,43,9435.48,3.583518938,3.784189634,9.152338308,-0.182086254,1.109485612,0.831336097,2
171,171,171,CUST1171,58,26,1654.92,4.077537444,3.295836866,7.412112025,0.25353434,-0.242808407,-1.199294014,2
172,172,172,CUST1172,13,37,7278.47,2.63905733,3.63758616,8.892813336,-1.014903086,0.703527022,0.528502364,4
173,173,173,CUST1173,35,23,4462.33,3.583518938,3.17805383,8.403650403,-0.182086254,-0.568960536,-0.042290636,1
174,174,174,CUST1174,82,34,5173.03,4.418840608,3.555348061,8.551407161,0.554492068,0.475802114,0.130123333,2
175,175,175,CUST1175,55,22,3958.92,4.025351691,3.135494216,8.283979102,0.207517463,-0.686812047,-0.181932331,1
176,176,176,CUST1176,124,22,6044.26,4.828313737,3.135494216,8.707029773,0.915561391,-0.686812047,0.311715788,2
177,177,177,CUST1177,52,34,1596.28,3.970291914,3.555348061,7.376057462,0.158966301,0.475802114,-1.241365256,2
178,178,178,CUST1178,146,23,717.84,4.990432587,3.17805383,6.577638802,1.058516177,-0.568960536,-2.173021666,1
179,179,179,CUST1179,60,16,6002.93,4.110873864,2.833213344,8.700169534,0.282930063,-1.523855762,0.303710732,1
180,180,180,CUST1180,75,47,8887.76,4.33073334,3.871201011,9.092542836,0.476799957,1.350428169,0.761562133,2
181,181,181,CUST1181,88,35,7366.29,4.48863637,3.583518938,8.904805211,0.616037275,0.55380988,0.542495407,2
182,182,182,CUST1182,191,20,9333.48,5.257495372,3.044522438,9.14147035,1.294009479,-0.938721321,0.818654527,1
183,183,183,CUST1183,68,16,5877.31,4.234106505,2.833213344,8.679024585,0.391595377,-1.523855762,0.279037177,1
184,184,184,CUST1184,245,18,2232.07,5.505331536,2.944438979,7.711132599,1.512548938,-1.215861683,-0.850373768,1
185,185,185,CUST1185,126,36,1992.4,4.844187086,3.610917913,7.597597003,0.929558352,0.629680178,-0.98285585,2
186,186,186,CUST1186,131,25,1629.96,4.882801923,3.258096538,7.396924077,0.963608531,-0.347314869,-1.217016482,2
187,187,187,CUST1187,25,18,1062.92,3.258096538,2.944438979,6.969715479,-0.469040483,-1.215861683,-1.71551639,1
188,188,188,CUST1188,86,39,18526.01,4.465908119,3.688879454,9.826984946,0.59599573,0.845562901,1.618565776,2
189,189,189,CUST1189,36,53,15237.49,3.610917913,3.988984047,9.631579743,-0.157926111,1.676580299,1.390551929,2
190,190,190,CUST1190,203,32,2663.03,5.318119994,3.496507561,7.887595293,1.347467666,0.312867323,-0.644463501,2
191,191,191,CUST1191,206,36,7385.34,5.332718793,3.610917913,8.907387627,1.360340742,0.629680178,0.545508769,2
192,192,192,CUST1192,126,17,5998.63,4.844187086,2.890371758,8.69945308,0.929558352,-1.365578823,0.302874719,1
193,193,193,CUST1193,138,14,1428.29,4.934473933,2.708050201,7.264933096,1.009172394,-1.870444091,-1.371033728,1
194,194,194,CUST1194,217,24,7833.63,5.384495063,3.218875825,8.96630893,1.40599654,-0.455920653,0.614262686,2
195,195,195,CUST1195,35,55,18915.61,3.583518938,4.025351691,9.847795651,-0.182086254,1.777285671,1.64284931,2
196,196,196,CUST1196,126,20,3559.6,4.844187086,3.044522438,8.177684349,0.929558352,-0.938721321,-0.305965239,1
197,197,197,CUST1197,171,46,6603.92,5.147494477,3.850147602,8.795570105,1.197011786,1.292129331,0.415031469,2
198,198,198,CUST1198,46,41,15524.01,3.850147602,3.737669618,9.650207551,0.053024244,0.980667382,1.412288291,2
199,199,199,CUST1199,7,20,5722.07,2.079441542,3.044522438,8.652260654,-1.508366709,-0.938721321,0.24780696,4
200,200,200,CUST1200,70,36,2759.56,4.262679877,3.610917913,7.923188837,0.416791092,0.629680178,-0.602930211,2
201,201,201,CUST1201,76,28,6750.76,4.343805422,3.36729583,8.817558491,0.488326789,-0.044931921,0.440689212,2
202,202,202,CUST1202,140,27,4132.14,4.94875989,3.33220451,8.326792688,1.021769608,-0.142103034,-0.13197414,2
203,203,203,CUST1203,31,42,7567.77,3.465735903,3.761200116,8.93178585,-0.28594616,1.045825509,0.573978496,2
204,204,204,CUST1204,299,16,5560.89,5.703782475,2.833213344,8.623693258,1.687540998,-1.523855762,0.214472321,1
205,205,205,CUST1205,60,34,5151.79,4.110873864,3.555348061,8.547293595,0.282930063,0.475802114,0.125323308,2
206,206,206,CUST1206,14,30,15346.17,2.708050201,3.433987204,9.638686371,-0.95406586,0.139742667,1.39884449,4
207,207,207,CUST1207,93,20,5161.52,4.543294782,3.044522438,8.549180111,0.664234518,-0.938721321,0.12752464,1
208,208,208,CUST1208,119,20,2569.06,4.787491743,3.044522438,7.851684524,0.879564964,-0.938721321,-0.686366953,1
209,209,209,CUST1209,79,27,9524.45,4.382026635,3.33220451,9.161722443,0.522029873,-0.142103034,0.842286229,2
210,210,210,CUST1210,13,43,16273.03,2.63905733,3.784189634,9.697325865,-1.014903086,1.109485612,1.46726957,4
211,211,211,CUST1211,14,24,1205.32,2.708050201,3.218875825,7.095329682,-0.95406586,-0.455920653,-1.56894006,1
212,212,212,CUST1212,7,24,939.62,2.079441542,3.218875825,6.846539232,-1.508366709,-0.455920653,-1.859247926,3
213,213,213,CUST1213,20,42,7800.1,3.044522438,3.761200116,8.962020028,-0.657367995,1.045825509,0.609258064,2
214,214,214,CUST1214,95,46,5730.45,4.564348191,3.850147602,8.653723832,0.682799204,1.292129331,0.249514309,2
215,215,215,CUST1215,13,41,3515.84,2.63905733,3.737669618,8.165318138,-1.014903086,0.980667382,-0.320395087,3
216,216,216,CUST1216,149,24,8832.8,5.010635294,3.218875825,9.086340552,1.076330723,-0.455920653,0.754324831,2
217,217,217,CUST1217,10,16,608.05,2.397895273,2.833213344,6.411900366,-1.227557383,-1.523855762,-2.366418044,1
218,218,218,CUST1218,129,18,593.76,4.86753445,2.944438979,6.388157963,0.950145825,-1.215861683,-2.394122509,1
219,219,219,CUST1219,5,42,13293.99,1.791759469,3.761200116,9.495142552,-1.762041893,1.045825509,1.231346502,4
220,220,220,CUST1220,134,30,1694.56,4.905274778,3.433987204,7.435768349,0.98342487,0.139742667,-1.171689992,2
221,221,221,CUST1221,74,28,3614.45,4.317488114,3.36729583,8.192971608,0.465120449,-0.044931921,-0.288126887,2
222,222,222,CUST1222,127,31,11957.9,4.852030264,3.465735903,9.38923105,0.936474388,0.227657753,1.107760801,2
223,223,223,CUST1223,93,26,12036.19,4.543294782,3.295836866,9.395756303,0.664234518,-0.242808407,1.115374969,2
224,224,224,CUST1224,7,17,3144.22,2.079441542,2.890371758,8.053639119,-1.508366709,-1.365578823,-0.450710771,1
225,225,225,CUST1225,42,28,8821.25,3.761200116,3.36729583,9.085032219,-0.025408763,-0.044931921,0.752798167,2
226,226,226,CUST1226,56,30,5877.57,4.043051268,3.433987204,8.679068814,0.223124774,0.139742667,0.279088787,2
227,227,227,CUST1227,30,32,2296.11,3.433987204,3.496507561,7.73940709,-0.313941847,0.312867323,-0.817380914,2
228,228,228,CUST1228,5,31,576.84,1.791759469,3.465735903,6.359297014,-1.762041893,0.227657753,-2.427799688,3
229,229,229,CUST1229,7,32,1412.12,2.079441542,3.496507561,7.253555305,-1.508366709,0.312867323,-1.384310211,3
230,230,230,CUST1230,10,34,2375.19,2.397895273,3.555348061,7.773253644,-1.227557383,0.475802114,-0.777886147,3
231,231,231,CUST1231,35,26,8157.61,3.583518938,3.295836866,9.00682909,-0.182086254,-0.242808407,0.66154473,2
232,232,232,CUST1232,55,33,14602.56,4.025351691,3.526360525,9.589020614,0.207517463,0.395532943,1.340890658,2
233,233,233,CUST1233,55,48,7151.36,4.025351691,3.891820298,8.875197651,0.207517463,1.407524884,0.507947025,2
234,234,234,CUST1234,62,28,2498.72,4.143134726,3.36729583,7.823934005,0.311377369,-0.044931921,-0.718748397,2
235,235,235,CUST1235,23,33,1057.21,3.17805383,3.526360525,6.96433408,-0.539621345,0.395532943,-1.721795821,3
236,236,236,CUST1236,7,36,1270.67,2.079441542,3.610917913,7.148086276,-1.508366709,0.629680178,-1.507379601,3
237,237,237,CUST1237,53,46,11005.82,3.988984047,3.850147602,9.30627036,0.175448837,1.292129331,1.010955876,2
238,238,238,CUST1238,6,20,1041.53,1.945910149,3.044522438,6.94940573,-1.62611336,-0.938721321,-1.73921537,3
239,239,239,CUST1239,43,32,13935.35,3.784189634,3.496507561,9.542255814,-0.005136835,0.312867323,1.286321887,2
240,240,240,CUST1240,40,15,4843.17,3.713572067,2.772588722,8.485531199,-0.067406701,-1.691730952,0.053254185,1
241,241,241,CUST1241,67,19,3364.02,4.219507705,2.995732274,8.121189186,0.378722301,-1.073825801,-0.371888148,1
242,242,242,CUST1242,6,34,8993.3,1.945910149,3.555348061,9.104346322,-1.62611336,0.475802114,0.77533535,4
243,243,243,CUST1243,46,19,1055.6,3.850147602,2.995732274,6.962811485,0.053024244,-1.073825801,-1.723572502,1
244,244,244,CUST1244,225,20,5536.6,5.420534999,3.044522438,8.619316473,1.437776197,-0.938721321,0.209365151,1
245,245,245,CUST1245,180,38,7583.82,5.198497031,3.663561646,8.93390416,1.24198533,0.775455547,0.576450303,2
246,246,246,CUST1246,44,19,1628.31,3.80666249,2.995732274,7.395911891,0.014679506,-1.073825801,-1.218197578,1
247,247,247,CUST1247,91,45,9979.1,4.521788577,3.828641396,9.208348389,0.645270561,1.232576656,0.896692976,2
248,248,248,CUST1248,149,14,4284.8,5.010635294,2.708050201,8.363062511,1.076330723,-1.870444091,-0.089651716,1
249,249,249,CUST1249,7,37,15576.21,2.079441542,3.63758616,9.653564228,-1.508366709,0.703527022,1.41620512,4
250,250,250,CUST1250,86,28,6891.88,4.465908119,3.36729583,8.838244274,0.59599573,-0.044931921,0.464826978,2
251,251,251,CUST1251,38,29,4495.11,3.663561646,3.401197382,8.410967857,-0.111505392,0.048944615,-0.033752067,2
252,252,252,CUST1252,61,35,11070.51,4.127134385,3.583518938,9.312130421,0.297268428,0.55380988,1.017793847,2
253,253,253,CUST1253,71,26,10228.29,4.276666119,3.295836866,9.233010453,0.429124021,-0.242808407,0.925470572,2
254,254,254,CUST1254,9,18,8735,2.302585093,2.944438979,9.075207698,-1.31160095,-1.215861683,0.741334159,4
255,255,255,CUST1255,107,43,11458.77,4.682131227,3.784189634,9.34659792,0.786659111,1.109485612,1.05801318,2
256,256,256,CUST1256,7,25,8990.66,2.079441542,3.258096538,9.10405276,-1.508366709,-0.347314869,0.7749928,4
257,257,257,CUST1257,12,33,1460.95,2.564949357,3.526360525,7.28752644,-1.080250757,0.395532943,-1.344670074,3
258,258,258,CUST1258,72,38,5387.79,4.290459441,3.663561646,8.592076149,0.441286835,0.775455547,0.177579042,2
259,259,259,CUST1259,26,25,8920.11,3.295836866,3.258096538,9.096175657,-0.435761438,-0.347314869,0.765801189,2
260,260,260,CUST1260,50,37,9314.64,3.931825633,3.63758616,9.139449987,0.125047118,0.703527022,0.816297011,2
261,261,261,CUST1261,2,31,13986.31,1.098612289,3.465735903,9.545905769,-2.373252167,0.227657753,1.290580935,4
262,262,262,CUST1262,1,42,15387.91,0.693147181,3.761200116,9.641402399,-2.730787258,1.045825509,1.402013761,4
263,263,263,CUST1263,7,29,5520.29,2.079441542,3.401197382,8.616366808,-1.508366709,0.048944615,0.205923255,4
264,264,264,CUST1264,97,42,2192.34,4.584967479,3.761200116,7.693180775,0.700981087,1.045825509,-0.87132134,2
265,265,265,CUST1265,62,29,10159.64,4.143134726,3.401197382,9.226276711,0.311377369,0.048944615,0.917613123,2
266,266,266,CUST1266,113,52,18511.75,4.736198448,3.970291914,9.826214963,0.834335048,1.624820052,1.617667301,2
267,267,267,CUST1267,63,38,12639.74,4.158883083,3.663561646,9.44468021,0.325264114,0.775455547,1.172463154,2
268,268,268,CUST1268,169,14,4898.81,5.135798437,2.708050201,8.496951708,1.186698335,-1.870444091,0.066580515,1
269,269,269,CUST1269,79,17,3426.51,4.382026635,2.890371758,8.139589329,0.522029873,-1.365578823,-0.350417443,1
270,270,270,CUST1270,27,39,16438.58,3.33220451,3.688879454,9.707447121,-0.403692812,0.845562901,1.479079831,4
271,271,271,CUST1271,1,39,4012.02,0.693147181,3.688879454,8.297299354,-2.730787258,0.845562901,-0.166389235,3
272,272,272,CUST1272,151,35,10005.62,5.023880521,3.583518938,9.211002153,1.088010232,0.55380988,0.899789592,2
273,273,273,CUST1273,103,20,1312.53,4.644390899,3.044522438,7.180473449,0.753380066,-0.938721321,-1.469587752,1
274,274,274,CUST1274,128,39,9612.86,4.859812404,3.688879454,9.170961086,0.943336602,0.845562901,0.85306659,2
275,275,275,CUST1275,19,19,3519.39,2.995732274,2.995732274,8.166327058,-0.700390675,-1.073825801,-0.319217801,1
276,276,276,CUST1276,4,26,7127.74,1.609437912,3.295836866,8.87188978,-1.922811225,-0.242808407,0.504087146,4
277,277,277,CUST1277,192,33,10572.27,5.262690189,3.526360525,9.266084397,1.298590217,0.395532943,0.964063798,2
278,278,278,CUST1278,238,31,2482.03,5.476463552,3.465735903,7.817234868,1.487093437,0.227657753,-0.726565466,2
279,279,279,CUST1279,63,19,6317.19,4.158883083,2.995732274,8.751188054,0.325264114,-1.073825801,0.363243073,1
280,280,280,CUST1280,63,32,8643.17,4.158883083,3.496507561,9.064640384,0.325264114,0.312867323,0.729003403,2
281,281,281,CUST1281,29,27,1795.71,3.401197382,3.33220451,7.493712494,-0.342855585,-0.142103034,-1.104076299,2
282,282,282,CUST1282,1,22,3235.97,0.693147181,3.135494216,8.082392986,-2.730787258,-0.686812047,-0.417158543,3
283,283,283,CUST1283,25,16,3078.35,3.258096538,2.833213344,8.032473815,-0.469040483,-1.523855762,-0.475408078,1
284,284,284,CUST1284,90,22,11094.98,4.510859507,3.135494216,9.31433816,0.635633416,-0.686812047,1.020370007,2
285,285,285,CUST1285,97,37,6817.49,4.584967479,3.63758616,8.827393319,0.700981087,0.703527022,0.452165247,2
286,286,286,CUST1286,7,35,6984.54,2.079441542,3.583518938,8.851597577,-1.508366709,0.55380988,0.48040864,4
287,287,287,CUST1287,58,23,8164.1,4.077537444,3.17805383,9.007624253,0.25353434,-0.568960536,0.662472588,2
288,288,288,CUST1288,12,38,2573.15,2.564949357,3.663561646,7.853274662,-1.080250757,0.775455547,-0.684511457,3
289,289,289,CUST1289,33,45,10497.62,3.526360525,3.828641396,9.258999099,-0.232487973,1.232576656,0.955796127,2
290,290,290,CUST1290,3,26,7336.33,1.386294361,3.295836866,8.900730295,-2.119576984,-0.242808407,0.537740482,4
291,291,291,CUST1291,8,49,9442.05,2.197224577,3.912023005,9.1530343,-1.404506803,1.463468049,0.832148235,4
292,292,292,CUST1292,18,31,9352.1,2.944438979,3.465735903,9.143463118,-0.745620592,0.227657753,0.820979842,4
293,293,293,CUST1293,177,43,1847.44,5.18178355,3.784189634,7.522097319,1.227247549,1.109485612,-1.070954698,2
294,294,294,CUST1294,32,28,2219.65,3.496507561,3.36729583,7.705555225,-0.258812019,-0.044931921,-0.856881878,2
295,295,295,CUST1295,81,40,2721.58,4.406719247,3.713572067,7.909335239,0.543803573,0.913939032,-0.619095657,2
296,296,296,CUST1296,33,39,4159.89,3.526360525,3.688879454,8.333484273,-0.232487973,0.845562901,-0.124165883,2
297,297,297,CUST1297,146,29,13331.8,4.990432587,3.401197382,9.497982444,1.058516177,0.048944615,1.234660307,2
298,298,298,CUST1298,2,16,4643.24,1.098612289,2.833213344,8.443383021,-2.373252167,-1.523855762,0.004072444,1
299,299,299,CUST1299,21,32,2876.84,3.091042453,3.496507561,7.964795292,-0.61634711,0.312867323,-0.554380594,2
300,300,300,CUST1300,1,28,2374.55,0.693147181,3.36729583,7.772984269,-2.730787258,-0.044931921,-0.778200474,3
301,301,301,CUST1301,28,44,4231.44,3.36729583,3.80666249,8.350533938,-0.372749635,1.171715031,-0.10427102,2
302,302,302,CUST1302,187,14,1028.53,5.236441963,2.708050201,6.936857666,1.275444793,-1.870444091,-1.753857418,1
303,303,303,CUST1303,99,36,2608.98,4.605170186,3.610917913,7.867097837,0.718795632,0.629680178,-0.668381512,2
304,304,304,CUST1304,137,30,6783.22,4.927253685,3.433987204,8.822354606,1.002805651,0.139742667,0.446285689,2
305,305,305,CUST1305,22,18,612.25,3.135494216,2.944438979,6.418772683,-0.577149988,-1.215861683,-2.358398895,1
306,306,306,CUST1306,84,17,5940.47,4.442651256,2.890371758,8.689711856,0.57548806,-1.365578823,0.291507908,1
307,307,307,CUST1307,11,18,5951.53,2.48490665,2.944438979,8.691571618,-1.150831619,-1.215861683,0.293678022,4
308,308,308,CUST1308,3,36,1446.07,1.386294361,3.610917913,7.277296101,-2.119576984,0.629680178,-1.356607621,3
309,309,309,CUST1309,109,26,10690.33,4.700480366,3.295836866,9.277188412,0.802839199,-0.242808407,0.977020818,2
310,310,310,CUST1310,85,23,2203.58,4.454347296,3.17805383,7.698292294,0.585801511,-0.568960536,-0.865356826,1
311,311,311,CUST1311,260,14,2161.86,5.564520407,2.708050201,7.679186699,1.564741094,-1.870444091,-0.887650706,1
312,312,312,CUST1312,99,34,9183.56,4.605170186,3.555348061,9.125279092,0.718795632,0.475802114,0.799761319,2
313,313,313,CUST1313,206,32,7475.27,5.332718793,3.496507561,8.919489283,1.360340742,0.312867323,0.559629914,2
314,314,314,CUST1314,234,14,418.86,5.459585514,2.708050201,6.039921322,1.472210552,-1.870444091,-2.800471853,1
315,315,315,CUST1315,54,24,7245.13,4.007333185,3.218875825,8.888222812,0.191628924,-0.455920653,0.523145787,2
316,316,316,CUST1316,56,14,2541.25,4.043051268,2.708050201,7.840804795,0.223124774,-1.870444091,-0.699062259,1
317,317,317,CUST1317,131,12,818.32,4.882801923,2.564949357,6.708474728,0.963608531,-2.266703574,-2.020352227,1
318,318,318,CUST1318,10,53,11249.96,2.397895273,3.988984047,9.328208737,-1.227557383,1.676580299,1.036555265,4
319,319,319,CUST1319,5,31,4097.56,1.791759469,3.465735903,8.318390971,-1.762041893,0.227657753,-0.141777911,4
320,320,320,CUST1320,37,17,608.8,3.63758616,2.890371758,6.413131035,-0.134410317,-1.365578823,-2.364982004,1
321,321,321,CUST1321,188,41,5275.4,5.241747015,3.737669618,8.570999326,1.280122735,0.980667382,0.152984981,2
322,322,322,CUST1322,3,38,2552.47,1.386294361,3.663561646,7.845208497,-2.119576984,0.775455547,-0.69392368,3
323,323,323,CUST1323,57,29,7802.93,4.060443011,3.401197382,8.962382732,0.238460639,0.048944615,0.609681295,2
324,324,324,CUST1324,90,35,10424.44,4.510859507,3.583518938,9.252004252,0.635633416,0.55380988,0.947634,2
325,325,325,CUST1325,169,33,1839.12,5.135798437,3.526360525,7.517586066,1.186698335,0.395532943,-1.076218776,2
326,326,326,CUST1326,47,30,8210.95,3.871201011,3.433987204,9.013345689,0.07158893,0.139742667,0.6691488,2
327,327,327,CUST1327,27,40,7273.85,3.33220451,3.713572067,8.892178473,-0.403692812,0.913939032,0.527761557,2
328,328,328,CUST1328,16,23,2874.84,2.833213344,3.17805383,7.964100084,-0.843698248,-0.568960536,-0.555191816,3
329,329,329,CUST1329,5,29,9219.69,1.791759469,3.401197382,9.129205151,-1.762041893,0.048944615,0.804342547,4
330,330,330,CUST1330,11,46,6593.46,2.48490665,3.850147602,8.793985182,-1.150831619,1.292129331,0.413182059,4
331,331,331,CUST1331,44,37,9931.22,3.80666249,3.63758616,9.203539297,0.014679506,0.703527022,0.891081356,2
332,332,332,CUST1332,55,44,2194.32,4.025351691,3.80666249,7.694083101,0.207517463,1.171715031,-0.870268436,2
333,333,333,CUST1333,35,24,3314.76,3.583518938,3.218875825,8.106442137,-0.182086254,-0.455920653,-0.389096141,1
334,334,334,CUST1334,221,17,1880.09,5.402677382,2.890371758,7.539606675,1.422029528,-1.365578823,-1.050523433,1
335,335,335,CUST1335,144,16,1348.29,4.976733742,2.833213344,7.207333807,1.046436672,-1.523855762,-1.438245017,1
336,336,336,CUST1336,54,15,624.77,4.007333185,2.772588722,6.438982891,0.191628924,-1.691730952,-2.334816067,1
337,337,337,CUST1337,166,35,5347.11,5.117993812,3.583518938,8.584498506,1.170998394,0.55380988,0.168736865,2
338,338,338,CUST1338,24,53,3423.28,3.218875825,3.988984047,8.13864651,-0.503624916,1.676580299,-0.351517597,2
339,339,339,CUST1339,21,35,13333.56,3.091042453,3.583518938,9.49811444,-0.61634711,0.55380988,1.23481433,4
340,340,340,CUST1340,59,31,9690.57,4.094344562,3.465735903,9.179011714,0.268354689,0.227657753,0.862460683,2
341,341,341,CUST1341,162,34,2722.25,5.093750201,3.555348061,7.909581299,1.149620619,0.475802114,-0.618808535,2
342,342,342,CUST1342,65,50,20453.5,4.189654742,3.931825633,9.925958186,0.352398256,1.518303359,1.734055378,2
343,343,343,CUST1343,104,31,8012.84,4.65396035,3.465735903,8.988925326,0.761818313,0.227657753,0.640653239,2
344,344,344,CUST1344,177,35,12713.47,5.18178355,3.583518938,9.450495994,1.227247549,0.55380988,1.179249458,2
345,345,345,CUST1345,179,35,5631.8,5.192956851,3.583518938,8.636361933,1.237100054,0.55380988,0.229255107,2
346,346,346,CUST1346,32,28,5643.91,3.496507561,3.36729583,8.638509533,-0.258812019,-0.044931921,0.231761092,2
347,347,347,CUST1347,166,39,2226.26,5.117993812,3.688879454,7.708527409,1.170998394,0.845562901,-0.853413705,2
348,348,348,CUST1348,50,38,6159.25,3.931825633,3.663561646,8.72587264,0.125047118,0.775455547,0.333703097,2
349,349,349,CUST1349,8,25,2124.72,2.197224577,3.258096538,7.661865848,-1.404506803,-0.347314869,-0.90786201,3
350,350,350,CUST1350,25,29,6616.02,3.258096538,3.401197382,8.797400397,-0.469040483,0.048944615,0.417167195,2
351,351,351,CUST1351,57,18,2178.17,4.060443011,2.944438979,7.686699349,0.238460639,-1.215861683,-0.878884367,1
352,352,352,CUST1352,105,50,2125.92,4.663439094,3.931825633,7.662430203,0.770176575,1.518303359,-0.907203477,2
353,353,353,CUST1353,19,12,1770.38,2.995732274,2.564949357,7.479514183,-0.700390675,-2.266703574,-1.120643982,1
354,354,354,CUST1354,106,37,4342.07,4.672828834,3.63758616,8.37633675,0.778456354,0.703527022,-0.074162311,2
355,355,355,CUST1355,148,24,8311.65,5.003946306,3.218875825,9.02553373,1.07043244,-0.455920653,0.683370746,2
356,356,356,CUST1356,23,23,4769.32,3.17805383,3.17805383,8.470168668,-0.539621345,-0.568960536,0.035328,1
357,357,357,CUST1357,11,25,3371.36,2.48490665,3.258096538,8.123368075,-1.150831619,-0.347314869,-0.369345652,3
358,358,358,CUST1358,113,34,12139.3,4.736198448,3.555348061,9.404285776,0.834335048,0.475802114,1.125327816,2
359,359,359,CUST1359,45,41,3486.6,3.828641396,3.737669618,8.1569691,0.034060286,0.980667382,-0.330137387,2
360,360,360,CUST1360,106,17,5244.92,4.672828834,2.890371758,8.565205911,0.778456354,-1.365578823,0.146224778,1
361,361,361,CUST1361,79,21,804.5,4.382026635,3.091042453,6.691463203,0.522029873,-0.809903093,-2.040202585,1
362,362,362,CUST1362,23,27,7162.45,3.17805383,3.33220451,8.876746987,-0.539621345,-0.142103034,0.50975491,2
363,363,363,CUST1363,131,53,4408.96,4.882801923,3.988984047,8.391620898,0.963608531,1.676580299,-0.05632759,2
364,364,364,CUST1364,123,20,2178.04,4.820281566,3.044522438,7.686639692,0.908478703,-0.938721321,-0.87895398,1
365,365,365,CUST1365,138,18,1210.94,4.934473933,2.944438979,7.09997766,1.009172394,-1.215861683,-1.563516441,1
366,366,366,CUST1366,242,19,7501.8,5.493061443,2.995732274,8.923031563,1.501729292,-1.073825801,0.563763319,1
367,367,367,CUST1367,134,26,4230.85,4.905274778,3.295836866,8.350394529,0.98342487,-0.242808407,-0.104433694,2
368,368,368,CUST1368,52,35,6341.52,3.970291914,3.583518938,8.755031445,0.158966301,0.55380988,0.367727837,2
369,369,369,CUST1369,68,16,2340.5,4.234106505,2.833213344,7.758547029,0.391595377,-1.523855762,-0.795046958,1
370,370,370,CUST1370,47,22,3905.64,3.871201011,3.135494216,8.270432949,0.07158893,-0.686812047,-0.197739026,1
371,371,371,CUST1371,28,39,12802.98,3.36729583,3.688879454,9.457511339,-0.372749635,0.845562901,1.187435504,4
372,372,372,CUST1372,55,28,3352.39,4.025351691,3.36729583,8.117727053,0.207517463,-0.044931921,-0.375928031,2
373,373,373,CUST1373,142,20,3565.38,4.96284463,3.044522438,8.179306355,1.034189392,-0.938721321,-0.304072557,1
374,374,374,CUST1374,77,19,6635.99,4.356708827,2.995732274,8.800413826,0.499704883,-1.073825801,0.420683496,1
375,375,375,CUST1375,6,55,4375.72,1.945910149,4.025351691,8.384054864,-1.62611336,1.777285671,-0.065156221,4
376,376,376,CUST1376,97,23,7723.27,4.584967479,3.17805383,8.952122599,0.700981087,-0.568960536,0.597708982,2
377,377,377,CUST1377,48,23,2049.92,3.891820298,3.17805383,7.626043752,0.089770812,-0.568960536,-0.949661991,2
378,378,378,CUST1378,118,54,13524.55,4.779123493,4.007333185,9.512335768,0.872185924,1.72739076,1.251408871,2
379,379,379,CUST1379,38,26,10087.94,3.663561646,3.295836866,9.219195053,-0.111505392,-0.242808407,0.909349699,2
380,380,380,CUST1380,4,36,2998.53,1.609437912,3.610917913,8.006210889,-1.922811225,0.629680178,-0.506053684,3
381,381,381,CUST1381,160,32,3867.71,5.081404365,3.496507561,8.260676397,1.138734184,0.312867323,-0.209123723,2
382,382,382,CUST1382,20,44,1335.27,3.044522438,3.80666249,7.197637429,-0.657367995,1.171715031,-1.449559498,3
383,383,383,CUST1383,170,27,8338.19,5.141663557,3.33220451,9.028721368,1.191870139,-0.142103034,0.687090327,2
384,384,384,CUST1384,56,20,2733.04,4.043051268,3.044522438,7.913535648,0.223124774,-0.938721321,-0.614194296,1
385,385,385,CUST1385,33,36,2941.54,3.526360525,3.610917913,7.987028433,-0.232487973,0.629680178,-0.528437252,2
386,386,386,CUST1386,4,51,4430.18,1.609437912,3.951243719,8.396421193,-1.922811225,1.572073837,-0.050726236,4
387,387,387,CUST1387,47,27,7420.85,3.871201011,3.33220451,8.912183631,0.07158893,-0.142103034,0.551105116,2
388,388,388,CUST1388,8,26,2536.28,2.197224577,3.295836866,7.83884792,-1.404506803,-0.242808407,-0.701345691,3
389,389,389,CUST1389,20,28,7991.37,3.044522438,3.36729583,8.986242616,-0.657367995,-0.044931921,0.637522846,2
390,390,390,CUST1390,81,48,16453.62,4.406719247,3.891820298,9.708361568,0.543803573,1.407524884,1.480146879,2
391,391,391,CUST1391,19,28,3171.59,2.995732274,3.36729583,8.062303568,-0.700390675,-0.044931921,-0.440600424,2
392,392,392,CUST1392,112,55,5174.09,4.727387819,4.025351691,8.551612009,0.826565923,1.777285671,0.130362366,2
393,393,393,CUST1393,34,23,4534.11,3.555348061,3.17805383,8.419604618,-0.206927053,-0.568960536,-0.023674029,1
394,394,394,CUST1394,177,22,3100.05,5.18178355,3.135494216,8.039496043,1.227247549,-0.686812047,-0.467214002,1
395,395,395,CUST1395,197,21,1894.35,5.288267031,3.091042453,7.547158797,1.321143621,-0.809903093,-1.041711035,1
396,396,396,CUST1396,89,24,4147.5,4.49980967,3.218875825,8.330502102,0.62588978,-0.455920653,-0.12764571,2
397,397,397,CUST1397,59,51,1487.34,4.094344562,3.951243719,7.305416684,0.268354689,1.572073837,-1.323794358,2
398,398,398,CUST1398,30,34,15519.37,3.433987204,3.555348061,9.649908634,-0.313941847,0.475802114,1.411939492,2
399,399,399,CUST1399,41,13,5886.22,3.737669618,2.63905733,8.680539179,-0.046157721,-2.061491737,0.280804522,1
400,400,400,CUST1400,49,33,9790.51,3.912023005,3.526360525,9.189270963,0.107585358,0.395532943,0.874431965,2
401,401,401,CUST1401,123,30,6292.34,4.820281566,3.433987204,8.74724721,0.908478703,0.139742667,0.358644592,2
402,402,402,CUST1402,134,26,5280.34,4.905274778,3.295836866,8.571935132,0.98342487,-0.242808407,0.154076952,2
403,403,403,CUST1403,75,28,10856.37,4.33073334,3.36729583,9.292599391,0.476799957,-0.044931921,0.995003536,2
404,404,404,CUST1404,75,49,10269.14,4.33073334,3.912023005,9.236995935,0.476799957,1.463468049,0.930121139,2
405,405,405,CUST1405,54,35,12341.14,4.007333185,3.583518938,9.420774702,0.191628924,0.55380988,1.144568365,2
406,406,406,CUST1406,16,23,2185.78,2.833213344,3.17805383,7.690185421,-0.843698248,-0.568960536,-0.87481655,3
407,407,407,CUST1407,36,28,10349.55,3.610917913,3.36729583,9.244794937,-0.157926111,-0.044931921,0.939221616,2
408,408,408,CUST1408,259,31,7800.12,5.560681631,3.465735903,8.962022592,1.5613561,0.227657753,0.609261056,2
409,409,409,CUST1409,174,14,377,5.164785974,2.708050201,5.934894196,1.212259256,-1.870444091,-2.923025596,1
410,410,410,CUST1410,39,25,8553.36,3.688879454,3.258096538,9.054196373,-0.089180401,-0.347314869,0.716816526,2
411,411,411,CUST1411,46,35,6014.2,3.850147602,3.583518938,8.702044878,0.053024244,0.55380988,0.305899028,2
412,412,412,CUST1412,65,40,10144.4,4.189654742,3.713572067,9.22477568,0.352398256,0.913939032,0.915861604,2
413,413,413,CUST1413,4,24,3538.27,1.609437912,3.218875825,8.17167577,-1.922811225,-0.455920653,-0.312976512,4
414,414,414,CUST1414,110,30,9510.17,4.709530201,3.433987204,9.160222176,0.810819253,0.139742667,0.840535602,2
415,415,415,CUST1415,140,38,4077.18,4.94875989,3.663561646,8.313406089,1.021769608,0.775455547,-0.147594655,2
416,416,416,CUST1416,42,32,2401.69,3.761200116,3.496507561,7.784344222,-0.025408763,0.312867323,-0.764944806,2
417,417,417,CUST1417,163,29,6131.69,5.099866428,3.401197382,8.721388758,1.155013847,0.048944615,0.328470958,2
418,418,418,CUST1418,76,40,17288.56,4.343805422,3.713572067,9.75785813,0.488326789,0.913939032,1.537903281,2
419,419,419,CUST1419,122,27,6491.39,4.812184355,3.33220451,8.778386001,0.901338663,-0.142103034,0.394979733,2
420,420,420,CUST1420,147,22,554.29,4.997212274,3.135494216,6.3194905,1.064494438,-0.686812047,-2.474248995,1
421,421,421,CUST1421,110,38,4009.67,4.709530201,3.663561646,8.296713589,0.810819253,0.775455547,-0.16707275,2
422,422,422,CUST1422,32,26,1929.83,3.496507561,3.295836866,7.565705241,-0.258812019,-0.242808407,-1.020069615,2
423,423,423,CUST1423,186,42,1869.04,5.231108617,3.761200116,7.5337151,1.270741901,1.045825509,-1.057398176,2
424,424,424,CUST1424,18,25,6069.9,2.944438979,3.258096538,8.711262143,-0.745620592,-0.347314869,0.316654443,2
425,425,425,CUST1425,64,18,782.94,4.17438727,2.944438979,6.664332487,0.338935551,-1.215861683,-2.071860795,1
426,426,426,CUST1426,4,21,1573.14,1.609437912,3.091042453,7.36146437,-1.922811225,-0.809903093,-1.2583936,3
427,427,427,CUST1427,10,44,5043.79,2.397895273,3.80666249,8.526111307,-1.227557383,1.171715031,0.100606182,4
428,428,428,CUST1428,30,24,1048.27,3.433987204,3.218875825,6.955849963,-0.313941847,-0.455920653,-1.731695743,1
429,429,429,CUST1429,209,25,5921.84,5.347107531,3.258096538,8.686571343,1.373028587,-0.347314869,0.287843315,2
430,430,430,CUST1430,3,24,9711.09,1.386294361,3.218875825,9.18112678,-2.119576984,-0.455920653,0.864928705,4
431,431,431,CUST1431,26,20,4204.06,3.295836866,3.044522438,8.344043841,-0.435761438,-0.938721321,-0.111844166,1
432,432,432,CUST1432,175,18,2374.91,5.170483995,2.944438979,7.773135801,1.217283714,-1.215861683,-0.778023655,1
433,433,433,CUST1433,21,50,4421.38,3.091042453,3.931825633,8.394433292,-0.61634711,1.518303359,-0.053045872,2
434,434,434,CUST1434,51,18,5367.87,3.951243719,2.944438979,8.588372737,0.142169792,-1.215861683,0.173257616,1
435,435,435,CUST1435,70,33,5994.94,4.262679877,3.526360525,8.698837853,0.416791092,0.395532943,0.302156824,2
436,436,436,CUST1436,4,14,2946.16,1.609437912,2.708050201,7.988597274,-1.922811225,-1.870444091,-0.526606607,1
437,437,437,CUST1437,214,24,790.19,5.370638028,3.218875825,6.673538141,1.393777545,-0.455920653,-2.061118928,1
438,438,438,CUST1438,15,38,13536.55,2.772588722,3.663561646,9.513222585,-0.897156435,0.775455547,1.252443678,4
439,439,439,CUST1439,78,28,960.14,4.369447852,3.36729583,6.86812008,0.510938028,-0.044931921,-1.83406573,1
440,440,440,CUST1440,10,26,2385.82,2.397895273,3.295836866,7.777717215,-1.227557383,-0.242808407,-0.772677708,3
441,441,441,CUST1441,28,46,1356.64,3.36729583,3.850147602,7.213503177,-0.372749635,1.292129331,-1.43104612,3
442,442,442,CUST1442,4,41,13044.65,1.609437912,3.737669618,9.476210024,-1.922811225,0.980667382,1.20925457,4
443,443,443,CUST1443,4,45,16096.48,1.609437912,3.828641396,9.686418017,-1.922811225,1.232576656,1.454541453,4
444,444,444,CUST1444,11,19,1406.97,2.48490665,2.995732274,7.24990423,-1.150831619,-1.073825801,-1.388570567,1
445,445,445,CUST1445,48,30,9060.62,3.891820298,3.433987204,9.111803191,0.089770812,0.139742667,0.7840366,2
446,446,446,CUST1446,64,24,9901.7,4.17438727,3.218875825,9.200562726,0.338935551,-0.455920653,0.887608064,2
447,447,447,CUST1447,85,22,5332.92,4.454347296,3.135494216,8.581841707,0.585801511,-0.686812047,0.165636707,2
448,448,448,CUST1448,154,27,4238.2,5.043425117,3.33220451,8.352129851,1.105244462,-0.142103034,-0.102408786,2
449,449,449,CUST1449,30,25,517.34,3.433987204,3.258096538,6.250631398,-0.313941847,-0.347314869,-2.554599101,1
450,450,450,CUST1450,77,39,3574.63,4.356708827,3.688879454,8.181896663,0.499704883,0.845562901,-0.301049986,2
451,451,451,CUST1451,144,38,3551.37,4.976733742,3.663561646,8.175370265,1.046436672,0.775455547,-0.30866549,2
452,452,452,CUST1452,307,6,942.97,5.730099783,1.945910149,6.850094386,1.710747338,-3.980880443,-1.855099498,1
453,453,453,CUST1453,31,9,2947.34,3.465735903,2.302585093,7.988997579,-0.28594616,-2.993214507,-0.5261395,1
454,454,454,CUST1454,59,19,2454.62,4.094344562,2.995732274,7.806134554,0.268354689,-1.073825801,-0.739518167,1
455,455,455,CUST1455,9,25,7022.08,2.302585093,3.258096538,8.856957147,-1.31160095,-0.347314869,0.4866626,4
456,456,456,CUST1456,43,27,6773.26,3.784189634,3.33220451,8.820885415,-0.005136835,-0.142103034,0.444571323,2
457,457,457,CUST1457,7,37,9375.91,2.079441542,3.63758616,9.146005563,-1.508366709,0.703527022,0.823946563,4
458,458,458,CUST1458,77,24,3041.84,4.356708827,3.218875825,8.020546569,0.499704883,-0.455920653,-0.489325708,1
459,459,459,CUST1459,9,37,11434.59,2.302585093,3.63758616,9.344485701,-1.31160095,0.703527022,1.055548481,4
460,460,460,CUST1460,60,27,10679.88,4.110873864,3.33220451,9.276210506,0.282930063,-0.142103034,0.975879722,2
461,461,461,CUST1461,17,43,15789,2.890371758,3.784189634,9.667132107,-0.793296528,1.109485612,1.432037167,4
462,462,462,CUST1462,40,34,5650.55,3.713572067,3.555348061,8.639685123,-0.067406701,0.475802114,0.233132861,2
463,463,463,CUST1463,82,28,2853.41,4.418840608,3.36729583,7.956620446,0.554492068,-0.044931921,-0.563919634,2
464,464,464,CUST1464,95,16,3886.86,4.564348191,2.833213344,8.265614157,0.682799204,-1.523855762,-0.203361964,1
465,465,465,CUST1465,58,21,1635.64,4.077537444,3.091042453,7.400400639,0.25353434,-0.809903093,-1.212959761,1
466,466,466,CUST1466,102,28,15296.75,4.634728988,3.36729583,9.635461038,0.744860289,-0.044931921,1.395080923,2
467,467,467,CUST1467,217,17,2031.78,5.384495063,2.890371758,7.617159593,1.40599654,-1.365578823,-0.960028712,1
468,468,468,CUST1468,128,28,634.1,4.859812404,3.36729583,6.453782467,0.943336602,-0.044931921,-2.317546781,1
469,469,469,CUST1469,37,15,734.15,3.63758616,2.772588722,6.60007456,-0.134410317,-1.691730952,-2.146841895,1
470,470,470,CUST1470,88,15,1672.29,4.48863637,2.772588722,7.422547027,0.616037275,-1.691730952,-1.187117649,1
471,471,471,CUST1471,128,28,7424.19,4.859812404,3.36729583,8.912633553,0.943336602,-0.044931921,0.55163012,2
472,472,472,CUST1472,36,48,5640.3,3.610917913,3.891820298,8.637869814,-0.157926111,1.407524884,0.231014619,2
473,473,473,CUST1473,112,28,2619.73,4.727387819,3.36729583,7.871208184,0.826565923,-0.044931921,-0.663585242,2
474,474,474,CUST1474,57,40,13518.59,4.060443011,3.713572067,9.511895024,0.238460639,0.913939032,1.250894577,2
475,475,475,CUST1475,78,46,10288.91,4.369447852,3.850147602,9.238919082,0.510938028,1.292129331,0.932365216,2
476,476,476,CUST1476,25,35,3399.39,3.258096538,3.583518938,8.13164541,-0.469040483,0.55380988,-0.35968702,2
477,477,477,CUST1477,97,27,5733.37,4.584967479,3.33220451,8.654233172,0.700981087,-0.142103034,0.250108646,2
478,478,478,CUST1478,53,27,5505.1,3.988984047,3.33220451,8.613611848,0.175448837,-0.142103034,0.202708555,2
479,479,479,CUST1479,13,33,2844.56,2.63905733,3.526360525,7.953515164,-1.014903086,0.395532943,-0.567543116,3
480,480,480,CUST1480,97,32,1665.53,4.584967479,3.496507561,7.418498899,0.700981087,0.312867323,-1.191841317,2
481,481,481,CUST1481,133,39,3798.77,4.8978398,3.688879454,8.242695818,0.976868781,0.845562901,-0.230104848,2
482,482,482,CUST1482,93,33,3545.9,4.543294782,3.526360525,8.173829262,0.664234518,0.395532943,-0.310463651,2
483,483,483,CUST1483,8,30,9121.28,2.197224577,3.433987204,9.118475052,-1.404506803,0.139742667,0.791821841,4
484,484,484,CUST1484,102,44,11891.28,4.634728988,3.80666249,9.383644729,0.744860289,1.171715031,1.101242252,2
485,485,485,CUST1485,328,4,1343.8,5.796057751,1.609437912,7.204000582,1.768908416,-4.912603213,-1.44213448,1
486,486,486,CUST1486,30,29,8763.03,3.433987204,3.401197382,9.078411124,-0.313941847,0.048944615,0.745072163,2
487,487,487,CUST1487,14,30,1255.01,2.708050201,3.433987204,7.135695309,-0.95406586,0.139742667,-1.521838336,3
488,488,488,CUST1488,18,46,12421.33,2.944438979,3.850147602,9.427250939,-0.745620592,1.292129331,1.152125337,4
489,489,489,CUST1489,115,22,4609.54,4.753590191,3.135494216,8.436100266,0.849670913,-0.686812047,-0.004425636,2
490,490,490,CUST1490,21,12,2175.58,3.091042453,2.564949357,7.685510117,-0.61634711,-2.266703574,-0.880272055,1
491,491,491,CUST1491,52,26,1681.15,3.970291914,3.295836866,7.427828016,0.158966301,-0.242808407,-1.180955384,2
492,492,492,CUST1492,110,24,6014.95,4.709530201,3.218875825,8.702169554,0.810819253,-0.455920653,0.30604451,2
493,493,493,CUST1493,45,40,12110.13,3.828641396,3.713572067,9.401880144,0.034060286,0.913939032,1.122520739,2
494,494,494,CUST1494,13,25,2861.32,2.63905733,3.258096538,7.959387764,-1.014903086,-0.347314869,-0.560690514,3
495,495,495,CUST1495,69,31,11320.65,4.248495242,3.465735903,9.334472101,0.404283222,0.227657753,1.04386384,2
496,496,496,CUST1496,128,28,2917.11,4.859812404,3.36729583,7.978691425,0.943336602,-0.044931921,-0.538165515,2
497,497,497,CUST1497,91,30,5462.5,4.521788577,3.433987204,8.605844889,0.645270561,0.139742667,0.193645469,2
498,498,498,CUST1498,80,27,7750.99,4.394449155,3.33220451,8.955704864,0.532983928,-0.142103034,0.601889044,2
499,499,499,CUST1499,150,18,7521.02,5.017279837,2.944438979,8.925589998,1.082189815,-1.215861683,0.566748698,1
